Amount Requested,Application Date,Loan Title,Risk_Score,Debt-To-Income Ratio,Zip Code,State,Employment Length,Policy Code
1000,5/26/2007,Wedding Covered but No Honeymoon,693,10%,481xx,NM,4 years,0
1000,5/26/2007,Consolidating Debt,703,10%,010xx,MA,< 1 year,0
11000,5/27/2007,Want to consolidate my debt,715,10%,212xx,MD,1 year,0
6000,5/27/2007,waksman,698,38.64%,017xx,MA,< 1 year,0
1500,5/27/2007,mdrigo,509,9.43%,209xx,MD,< 1 year,0
15000,5/27/2007,Trinfiniti,645,0%,105xx,NY,3 years,0
10000,5/27/2007,NOTIFYi Inc,693,10%,210xx,MD,< 1 year,0
3900,5/27/2007,For Justin.,700,10%,469xx,IN,2 years,0
3000,5/28/2007,title?,694,10%,808xx,CO,4 years,0
2500,5/28/2007,timgerst,573,11.76%,407xx,KY,4 years,0
3900,5/28/2007,need to consolidate,710,10%,705xx,LA,10+ years,0
1000,5/28/2007,sixstrings,680,10%,424xx,KY,1 year,0
3000,5/28/2007,bmoore5110,688,10%,190xx,PA,< 1 year,0
1500,5/28/2007,MHarkins,704,10%,189xx,PA,3 years,0
1000,5/28/2007,Moving,694,10%,354xx,AL,< 1 year,0
8000,5/28/2007,Recent College Grad Wants to Pay Off CCs,708,10%,374xx,TN,< 1 year,0
12000,5/29/2007,FoundersCafe.com,685,10%,770xx,TX,3 years,0
1000,5/29/2007,UChicago2004,698,10%,207xx,MD,3 years,0
15000,5/29/2007,Cancer is Killing My Credit,680,10%,432xx,OH,< 1 year,0
5000,5/29/2007,2006-2007 College Debt Loan,680,10%,011xx,MA,< 1 year,0
15000,5/29/2007,twbmc,712,10%,773xx,TX,< 1 year,0
5000,5/29/2007,Bills & Vacation,704,10%,212xx,MD,1 year,0
4950,5/29/2007,Vehicle Purchase/Used Auto,693,10%,220xx,VA,2 years,0
6100,5/29/2007,thejanman,684,24.69%,453xx,OH,2 years,0
12000,5/29/2007,Finish Off College,704,10%,462xx,IN,2 years,0
25000,5/29/2007,Phuocpnn,686,10%,631xx,MO,< 1 year,0
15000,5/29/2007,Established borrower consolodating debt,698,15.56%,559xx,MN,< 1 year,0
5000,5/29/2007,mainmanandy,719,10%,457xx,OH,< 1 year,0
10000,5/30/2007,Jaguar10301,602,2.25%,221xx,VA,< 1 year,0
10000,5/30/2007,rpinho78,475,21.77%,061xx,CT,< 1 year,0
1000,5/30/2007,ashtru,695,0%,443xx,OH,< 1 year,0
4000,5/30/2007,sparks,671,36.80%,630xx,MO,< 1 year,0
7000,5/30/2007,big fat lender,638,17.73%,941xx,CA,< 1 year,0
25000,5/30/2007,toeeeekne,671,4.50%,483xx,FL,2 years,0
1000,5/30/2007,stnthoma22,429,15.92%,462xx,IN,2 years,0
6500,5/30/2007,natbunn,632,12.98%,773xx,TX,< 1 year,0
2000,5/30/2007,SGearhart1381,579,32.64%,658xx,MO,< 1 year,0
15000,5/30/2007,2dozen,474,1.55%,453xx,OH,4 years,0
6000,5/30/2007,Good Heart Bad Credit!,463,12.34%,953xx,CA,1 year,0
2500,5/31/2007,mbcoon,593,18.43%,790xx,TX,1 year,0
12500,5/31/2007,boardwalk,578,31.82%,775xx,TX,9 years,0
3000,5/31/2007,danthe83,536,0%,551xx,MN,< 1 year,0
7500,5/31/2007,maryk2001,524,61.47%,316xx,GA,5 years,0
5000,5/31/2007,ppatti113,520,8.93%,024xx,MA,1 year,0
5000,5/31/2007,spidermonkey07,0,6%,448xx,OH,< 1 year,0
4000,5/31/2007,brock1jd,658,43.80%,480xx,MN,< 1 year,0
1000,5/31/2007,jprice1542,0,4.61%,373xx,TN,< 1 year,0
5000,5/31/2007,mashowar,492,15.73%,474xx,IN,4 years,0
1000,5/31/2007,jaynesweet,581,28.04%,681xx,NE,2 years,0
1000,6/1/2007,memorial,543,41.35%,328xx,FL,2 years,0
6025,6/1/2007,Fleurdetragedie,660,69.84%,301xx,GA,2 years,0
10000,6/1/2007,jfirson,503,61.07%,668xx,KS,1 year,0
3000,6/1/2007,cdc,556,20.91%,786xx,TX,1 year,0
10000,6/1/2007,katiemass,480,8.70%,452xx,OH,1 year,0
2100,6/1/2007,A clean sweep before buying a new house,684,10%,208xx,MD,1 year,0
5000,6/1/2007,kennysack,592,53.76%,477xx,IN,< 1 year,0
10000,6/1/2007,dreamerabove,600,3.84%,021xx,MA,< 1 year,0
1200,6/1/2007,jflack,524,0%,720xx,AR,4 years,0
4000,6/1/2007,ceodiva,460,0%,302xx,GA,< 1 year,0
15000,6/1/2007,joelforeman,654,27.48%,328xx,FL,2 years,0
1000,6/1/2007,auburnmk23,486,12.40%,368xx,AL,< 1 year,0
2500,6/1/2007,Scott Stowe,520,13.10%,460xx,IN,1 year,0
5000,6/1/2007,iamheatherleigh,0,0%,405xx,KY,5 years,0
2500,6/1/2007,Paying for college,547,29.16%,331xx,FL,< 1 year,0
1000,6/1/2007,alivrum,454,7.68%,434xx,OH,< 1 year,0
5000,6/2/2007,wbnd44,509,20%,436xx,OH,1 year,0
5000,6/2/2007,skyydogg,0,0%,535xx,WI,1 year,0
1500,6/2/2007,Svengar7,665,0%,191xx,PA,< 1 year,0
1000,6/2/2007,sopinksolovely,454,11.12%,113xx,NY,2 years,0
1000,6/2/2007,angelbabe,561,1.07%,104xx,NY,< 1 year,0
8000,6/2/2007,K9Genetics,565,11.67%,852xx,AZ,1 year,0
3500,6/2/2007,zminer,479,1.73%,805xx,CO,< 1 year,0
2500,6/2/2007,moecheeks21,444,0%,674xx,KS,< 1 year,0
25000,6/2/2007,Lilly,549,20.06%,852xx,AZ,4 years,0
4500,6/2/2007,QuisyFBaby,599,16.80%,212xx,MD,< 1 year,0
2000,6/3/2007,thesassaman,650,0%,980xx,WA,< 1 year,0
10000,6/3/2007,regan117,607,23.10%,182xx,PA,1 year,0
3500,6/3/2007,manx203,0,0%,151xx,PA,< 1 year,0
5000,6/3/2007,eswist,419,3.48%,773xx,TX,1 year,0
11000,6/3/2007,Consolidate Prosper,758,37.30%,972xx,OR,1 year,0
1500,6/3/2007,matt12amazing,504,27.45%,660xx,KS,< 1 year,0
1500,6/4/2007,dEs,711,58.80%,303xx,GA,1 year,0
1000,6/4/2007,I'm trying to repair my credit by paying off some old debts.,530,8.51%,722xx,AR,< 1 year,0
7000,6/4/2007,jd2427,473,23.96%,300xx,GA,< 1 year,0
25000,6/4/2007,Annieb6283,606,4.90%,191xx,PA,< 1 year,0
10000,6/4/2007,LenaPresley,502,0%,282xx,NC,< 1 year,0
4000,6/4/2007,bhissam,497,9.87%,261xx,WV,1 year,0
2500,6/4/2007,Jonelle's Study Abroad,709,10%,112xx,NY,< 1 year,0
3000,6/4/2007,belle54304,412,20.01%,543xx,WI,1 year,0
1000,6/4/2007,KB143,506,13.01%,372xx,TN,3 years,0
7500,6/4/2007,fsallustio,472,14.36%,021xx,MA,7 years,0
2000,6/4/2007,mlishuslymotvatd,507,0%,137xx,NY,< 1 year,0
1000,6/4/2007,Gballgamer,567,16.58%,805xx,CO,< 1 year,0
1100,6/4/2007,MATTHEW,551,0.72%,334xx,FL,4 years,0
3000,6/4/2007,saxman6160,0,4.05%,800xx,CO,< 1 year,0
1000,6/5/2007,queenlurline,0,0.86%,846xx,UT,< 1 year,0
7000,6/5/2007,chrisw1025,607,39.79%,278xx,NC,2 years,0
1000,6/5/2007,ErikBell,0,6.55%,800xx,CO,4 years,0
5000,6/5/2007,baileykearns,552,1.60%,450xx,OH,2 years,0
1300,6/5/2007,kimbbarr,643,22.50%,085xx,NJ,2 years,0
500,6/5/2007,Kiana_Noelle,547,18.52%,207xx,MD,4 years,0
1000,6/5/2007,Raistlan,647,7.21%,980xx,WA,7 years,0
1000,6/5/2007,chynadoll3586,531,493.60%,480xx,AL,1 year,0
3000,6/6/2007,Keith24601,612,6.72%,081xx,NJ,< 1 year,0
2000,6/6/2007,nicole38,656,5.51%,212xx,MD,1 year,0
5000,6/6/2007,Butterfly,528,18.40%,236xx,VA,2 years,0
2000,6/6/2007,speedy079,558,10.85%,085xx,NJ,5 years,0
10000,6/6/2007,demarishargett,461,14.76%,283xx,NC,3 years,0
6700,6/6/2007,LoveLearn,522,4.17%,302xx,GA,2 years,0
20000,6/6/2007,Back To School,690,0.40%,079xx,NJ,< 1 year,0
3400,6/6/2007,scooterodell,559,24.36%,145xx,NY,9 years,0
5000,6/6/2007,crazymacguy,633,13.03%,539xx,WI,< 1 year,0
8000,6/6/2007,TheresaF,481,12.21%,441xx,OH,< 1 year,0
6000,6/7/2007,tjudith,679,26.07%,232xx,VA,< 1 year,0
5000,6/8/2007,1OTH-MOUNTAIN-MAN,494,5.86%,136xx,NY,< 1 year,0
9500,6/8/2007,moneywise,582,1.47%,998xx,AK,1 year,0
3500,6/8/2007,tmsworld,583,3.12%,100xx,NY,< 1 year,0
1500,6/8/2007,Sapphieangel008,468,3.98%,452xx,OH,< 1 year,0
10000,6/8/2007,FSUgirl,565,6.48%,323xx,FL,< 1 year,0
10000,6/8/2007,GRNGLD08,576,46.15%,233xx,VA,< 1 year,0
800,6/8/2007,mozizzle86,696,24%,112xx,NY,< 1 year,0
10000,6/8/2007,brianmikalw,559,0%,136xx,NY,< 1 year,0
5000,6/8/2007,thephotoguy.seth,545,10.18%,337xx,TN,< 1 year,0
6000,6/8/2007,Chase,602,2.36%,354xx,AL,< 1 year,0
1000,6/8/2007,sgeorges86,626,3%,292xx,SC,< 1 year,0
1000,6/8/2007,meep737,640,5.51%,430xx,OH,1 year,0
15000,6/9/2007,laurel,528,34.27%,136xx,NY,< 1 year,0
2500,6/9/2007,kyrstyn,509,14.16%,171xx,PA,< 1 year,0
16000,6/9/2007,Eagle8XC Tuition loan,667,22.98%,056xx,VT,1 year,0
2000,6/9/2007,Emmyboo0569,607,6.91%,238xx,VA,1 year,0
4000,6/9/2007,jweme,609,14.50%,328xx,FL,< 1 year,0
2000,6/9/2007,Bizounce,450,14.34%,554xx,MN,< 1 year,0
3000,6/9/2007,lmhsfan,,9.26%,805xx,CO,< 1 year,0
6000,6/9/2007,Chuck Ave,492,12%,641xx,MO,< 1 year,0
2500,6/10/2007,RebelGrad07,549,21.94%,388xx,MS,7 years,0
3000,6/10/2007,mtalty,481,60.11%,462xx,IN,3 years,0
6000,6/10/2007,brint,716,4042.11%,752xx,TX,< 1 year,0
17000,6/10/2007,Consolidating credit cards,653,5.96%,212xx,MD,4 years,0
5000,6/10/2007,jedurs,621,2.60%,231xx,VA,< 1 year,0
7500,6/10/2007,Charles,629,45.95%,322xx,FL,6 years,0
15000,6/11/2007,vervec,615,15%,024xx,MA,8 years,0
4000,6/11/2007,Debt Consolidation,608,0%,558xx,MN,< 1 year,0
4000,6/11/2007,Nickolae3,628,6.36%,403xx,KY,< 1 year,0
1000,6/11/2007,Alison,585,24%,803xx,CO,< 1 year,0
1500,6/11/2007,jaja9487,493,6.40%,457xx,OH,1 year,0
6500,6/11/2007,Sammy,512,1.84%,021xx,MA,9 years,0
5000,6/11/2007,Mattd,598,24.70%,300xx,GA,1 year,0
4000,6/11/2007,mattwalker,490,36.92%,235xx,VA,4 years,0
1500,6/11/2007,nfields1,588,9.23%,395xx,MS,< 1 year,0
1000,6/11/2007,luckyspirit,612,36.70%,658xx,MO,1 year,0
10000,6/12/2007,ali82fla,503,17.30%,336xx,FL,2 years,0
6000,6/12/2007,dirtbag05,454,21.60%,240xx,VA,< 1 year,0
25000,6/12/2007,peytongunn,512,0.77%,287xx,NC,< 1 year,0
10000,6/12/2007,ejsejsejs,0,0%,641xx,MO,1 year,0
4975,6/12/2007,triple007,523,1.84%,302xx,GA,8 years,0
25000,6/12/2007,Friend in need,557,18.83%,463xx,IN,1 year,0
5000,6/12/2007,B_lucas,530,0%,191xx,PA,< 1 year,0
15000,6/12/2007,Oldhouserenovator,576,17.06%,014xx,MA,2 years,0
3000,6/12/2007,keep0njeepin0n,548,17.74%,299xx,SC,4 years,0
3000,6/12/2007,arod76,497,10.59%,292xx,SC,3 years,0
12000,6/12/2007,Tony_Texan,,100%,802xx,CO,< 1 year,0
14000,6/13/2007,enturio,693,27.98%,112xx,NY,3 years,0
25000,6/13/2007,AdamDJohnson,0,0%,773xx,TX,4 years,0
1000,6/13/2007,PackAttack25,489,0%,283xx,NC,< 1 year,0
11000,6/13/2007,jar73186,0,0.75%,660xx,KS,1 year,0
1000,6/13/2007,iamjames,535,4.68%,630xx,MO,2 years,0
5000,6/14/2007,Hotspitta4life,557,9.60%,125xx,NY,< 1 year,0
5000,6/14/2007,SadRobot,639,1.32%,981xx,WA,4 years,0
3000,6/14/2007,Debonair,478,48.24%,984xx,WA,1 year,0
1000,6/14/2007,jessicavk,736,25.64%,462xx,IN,2 years,0
4000,6/14/2007,Chris Anthony,640,48.60%,473xx,IN,4 years,0
12000,6/14/2007,Responsible34,536,10.15%,752xx,TX,< 1 year,0
2000,6/14/2007,lizoplex,549,27.94%,372xx,TN,< 1 year,0
2500,6/15/2007,kmdones,454,15.07%,206xx,MD,< 1 year,0
2000,6/15/2007,evolution333,522,0%,278xx,NC,< 1 year,0
7000,6/15/2007,ctg5ny,533,136.56%,306xx,GA,2 years,0
15000,6/15/2007,Tumalu,635,18.91%,750xx,TX,1 year,0
5000,6/15/2007,MizzDavis,631,20.64%,432xx,OH,1 year,0
2500,6/15/2007,djdecibal,475,42.55%,557xx,MN,1 year,0
2000,6/15/2007,bleitheiser,445,0%,532xx,WI,< 1 year,0
5000,6/15/2007,I need to refinance credit card debt that I got paying some legal fees,700,16.05%,774xx,TX,< 1 year,0
3000,6/15/2007,Selly,590,12.60%,257xx,WV,2 years,0
2500,6/15/2007,Lady_Neasha,0,8.67%,631xx,MO,1 year,0
25000,6/16/2007,emy,494,0%,331xx,FL,7 years,0
22000,6/16/2007,Stomping,645,37.09%,197xx,DE,2 years,0
2500,6/17/2007,trenee02,619,3%,372xx,TN,< 1 year,0
2000,6/17/2007,jackie1625,628,10.45%,431xx,OH,1 year,0
15000,6/17/2007,TDudai4,512,20.57%,325xx,FL,10+ years,0
5000,6/17/2007,levi,611,14.28%,652xx,MO,< 1 year,0
15000,6/17/2007,jfernando1,652,28.33%,328xx,FL,3 years,0
5000,6/17/2007,Stacked186,585,1.80%,148xx,NY,< 1 year,0
9000,6/17/2007,RKurth34,537,37.40%,991xx,WA,3 years,0
1000,6/17/2007,mansplace,525,8.36%,706xx,LA,< 1 year,0
3000,6/17/2007,AWoodard,560,4.80%,644xx,MO,1 year,0
1000,6/18/2007,young1jay,590,13.50%,067xx,CT,< 1 year,0
1500,6/18/2007,chrislee4life,470,4.44%,991xx,WA,4 years,0
10000,6/18/2007,topdog1203,490,4.02%,537xx,WI,2 years,0
10000,6/18/2007,hungwilfredo,693,31.65%,333xx,FL,3 years,0
3000,6/18/2007,jaj0165,634,17.93%,354xx,AL,10+ years,0
17000,6/18/2007,caterik,628,22.76%,481xx,MI,< 1 year,0
1000,6/18/2007,smollieolliepop,603,9.95%,760xx,TX,< 1 year,0
7000,6/18/2007,Mom wants to get rid of credit card,532,4.02%,508xx,IA,7 years,0
3000,6/18/2007,whyte_smoke_187,569,10.04%,703xx,LA,1 year,0
1000,6/19/2007,December Purchases & Christmas Shopping,628,7.80%,010xx,MA,< 1 year,0
10000,6/19/2007,Jay,605,28.46%,220xx,VA,1 year,0
4000,6/19/2007,ThePegLeg,,100%,796xx,TX,< 1 year,0
5000,6/19/2007,Dbrow113,544,32.64%,300xx,GA,2 years,0
1800,6/19/2007,ffadahunsi,516,9.33%,112xx,NY,< 1 year,0
10000,6/19/2007,strehlj,633,11.06%,336xx,FL,3 years,0
25000,6/19/2007,Tasia_Audre,483,9.26%,276xx,NC,< 1 year,0
5200,6/19/2007,jags1677,651,27.04%,605xx,IL,< 1 year,0
5000,6/19/2007,Vetri,604,26.50%,132xx,NY,1 year,0
2150,6/19/2007,KapSig,455,13.52%,532xx,WI,1 year,0
5000,6/19/2007,christinam84,594,0%,127xx,NY,1 year,0
23000,6/19/2007,Trying to consolidate debt,651,11.27%,984xx,WA,1 year,0
25000,6/19/2007,JoeMattie,642,41.64%,997xx,AK,1 year,0
2000,6/19/2007,Jlb7557,529,27.01%,925xx,CA,1 year,0
5000,6/19/2007,Nerdular,617,6.17%,982xx,UT,< 1 year,0
5000,6/20/2007,clogteachr,647,19.75%,482xx,MI,8 years,0
25000,6/20/2007,ajo,589,5.74%,560xx,MN,2 years,0
3000,6/20/2007,JoelBacon,683,4.69%,481xx,OH,2 years,0
5000,6/20/2007,Looking for some help to pay healthcare ,508,11.10%,115xx,NY,3 years,0
5000,6/20/2007,drulover4eva2000,564,24.60%,212xx,MD,10+ years,0
1000,6/20/2007,drsray55,561,67.14%,257xx,WV,2 years,0
3500,6/21/2007,mqs0420,572,0%,350xx,AL,< 1 year,0
7500,6/21/2007,mrwilson,525,24%,640xx,MO,3 years,0
1000,6/21/2007,jeremysegars,482,21.43%,752xx,TX,< 1 year,0
1500,6/21/2007,asquit,581,2.52%,660xx,KS,1 year,0
10000,6/21/2007,Loan Consolidation,635,13.35%,926xx,CA,1 year,0
4000,6/21/2007,musicjunkieg,515,12.29%,100xx,NY,< 1 year,0
12000,6/21/2007,incognito,789,22.72%,014xx,MA,5 years,0
8000,6/21/2007,One Payment Plan,595,15.67%,672xx,KS,< 1 year,0
1300,6/21/2007,micdavhen,468,11.53%,277xx,NC,1 year,0
3000,6/21/2007,echolis,543,7.30%,142xx,NY,5 years,0
2200,6/21/2007,velodave,596,0.50%,432xx,OH,2 years,0
25000,6/21/2007,callana,619,10.29%,021xx,MA,2 years,0
10000,6/21/2007,SFPT,474,12.93%,546xx,WI,< 1 year,0
1000,6/22/2007,BrianMc21,0,0%,314xx,GA,< 1 year,0
7500,6/22/2007,DonGuzz,528,0%,021xx,MA,5 years,0
1000,6/22/2007,ninjaone,646,109.20%,752xx,TX,< 1 year,0
5000,6/22/2007,operaprincess86,600,10.12%,021xx,MA,1 year,0
10000,6/22/2007,flippidot,0,0%,100xx,NY,2 years,0
3000,6/22/2007,digitalkp,594,9.07%,114xx,NY,< 1 year,0
20000,6/22/2007,zu,635,9.87%,333xx,FL,3 years,0
8500,6/22/2007,wxman,702,30.19%,735xx,OK,1 year,0
1000,6/22/2007,andyasstronaut,561,21.70%,787xx,TX,3 years,0
20000,6/22/2007,RexMundi,530,0.69%,981xx,WA,4 years,0
3500,6/23/2007,Kristen811,538,13.55%,135xx,NY,7 years,0
8000,6/23/2007,reveiled,462,12.38%,334xx,FL,< 1 year,0
9000,6/23/2007,insanebeauty222,625,2.81%,049xx,ME,< 1 year,0
4500,6/23/2007,lwilli2480,628,15.79%,958xx,CO,10+ years,0
1000,6/23/2007,audralea,710,18.80%,720xx,AR,< 1 year,0
25000,6/23/2007,wendylou65,565,43.25%,453xx,OH,10+ years,0
4000,6/23/2007,aliciaversteeg,666,6.12%,452xx,OH,< 1 year,0
20000,6/23/2007,iltschi58,549,5.20%,201xx,VA,10+ years,0
5000,6/23/2007,VTNurse,650,11%,052xx,VT,2 years,0
25000,6/24/2007,betsy1120,570,22.56%,331xx,FL,2 years,0
4000,6/24/2007,Forex,657,39.55%,773xx,TX,2 years,0
11000,6/24/2007,personal loan,655,2.09%,104xx,NY,10+ years,0
7000,6/24/2007,clean slate,647,30.79%,216xx,MD,10+ years,0
4000,6/24/2007,prettybaby80,495,0%,104xx,NY,7 years,0
1400,6/24/2007,good person,488,8.94%,104xx,NY,9 years,0
15000,6/24/2007,pap0607,695,40.78%,296xx,SC,2 years,0
5000,6/24/2007,skywater,484,6.63%,857xx,AR,8 years,0
7500,6/24/2007,coffeeman,510,3.94%,211xx,MD,6 years,0
2000,6/24/2007,biblioteach,505,1.82%,287xx,NC,10+ years,0
20000,6/24/2007,DHaywood,543,0%,104xx,NY,< 1 year,0
9000,6/24/2007,mareliz,566,38.42%,018xx,MA,< 1 year,0
10000,6/24/2007,Moanablu,535,50.76%,550xx,MN,5 years,0
20000,6/24/2007,aujosh02,671,29.12%,368xx,AL,2 years,0
1000,6/24/2007,Rockstar,601,0%,467xx,IN,1 year,0
15000,6/24/2007,Choppee,480,680.31%,294xx,SC,1 year,0
15000,6/24/2007,alc1978,534,8.58%,917xx,CO,< 1 year,0
2000,6/24/2007,tammers,535,0.75%,285xx,NC,1 year,0
15000,6/24/2007,Btmason,571,23.60%,288xx,NC,< 1 year,0
20000,6/25/2007,G,609,27.72%,881xx,NM,2 years,0
13000,6/25/2007,terbehr,583,45.78%,843xx,UT,10+ years,0
25000,6/25/2007,evajones,623,23.01%,988xx,WA,4 years,0
2000,6/25/2007,Hismtngrl,527,51.73%,806xx,CO,6 years,0
20000,6/25/2007,singlemom71,596,9.96%,717xx,AR,6 years,0
5250,6/25/2007,musics,701,0.26%,180xx,PA,< 1 year,0
4000,6/25/2007,mfalette,524,5.04%,985xx,WA,1 year,0
12000,6/25/2007,legacy1,533,16.77%,370xx,TN,< 1 year,0
2500,6/25/2007,chappy84,574,3.20%,479xx,IN,1 year,0
6000,6/25/2007,Canisius College,645,9.51%,142xx,NY,< 1 year,0
5000,6/25/2007,Pandora46,606,40.88%,216xx,MD,10+ years,0
10700,6/25/2007,lynniea5,542,10.55%,201xx,VA,< 1 year,0
3500,6/25/2007,InjunNinja,487,0%,325xx,FL,1 year,0
3000,6/25/2007,fix1925,574,0%,464xx,IN,10+ years,0
6500,6/25/2007,cpetryk,533,50.40%,074xx,NJ,4 years,0
15000,6/25/2007,heyteacher,433,3.76%,308xx,GA,10+ years,0
5000,6/25/2007,Andrea Advincula,537,47.20%,477xx,IN,3 years,0
20000,6/25/2007,Skeeter,605,0%,847xx,UT,1 year,0
18000,6/25/2007,magoo69,632,33.05%,605xx,IL,10+ years,0
5000,6/25/2007,Willdukem07,0,0%,136xx,NY,10+ years,0
5000,6/25/2007,dwgallo,600,18.22%,088xx,NJ,10+ years,0
3500,6/25/2007,sharo41,432,4.03%,765xx,TX,2 years,0
1000,6/25/2007,teamgalvan,514,11.86%,809xx,CO,2 years,0
2500,6/26/2007,cebm82,625,33.12%,310xx,GA,5 years,0
13000,6/26/2007,Georgiadawgs45,0,0%,305xx,GA,< 1 year,0
1000,6/26/2007,CrawfordsGirl,493,18.84%,551xx,MN,< 1 year,0
4000,6/26/2007,SUZIEKLIND,537,22.95%,557xx,MN,3 years,0
4000,6/26/2007,semo_train,464,100.50%,633xx,MO,< 1 year,0
25000,6/26/2007,DedMansHnd,651,41.79%,765xx,TX,10+ years,0
1000,6/26/2007,psychnurse05,554,9.19%,559xx,MN,4 years,0
500,6/26/2007,lrod420,617,22.64%,660xx,KS,< 1 year,0
25000,6/26/2007,San_Diego,646,7.94%,921xx,CO,1 year,0
5500,6/27/2007,Kratos,594,18.76%,207xx,MD,< 1 year,0
4000,6/27/2007,ga71,588,31.79%,300xx,GA,6 years,0
1000,6/27/2007,zexzcbnbabe,501,10.08%,323xx,FL,< 1 year,0
1000,6/27/2007,Help rebuild Galveston,,100%,701xx,TX,10+ years,0
1000,6/27/2007,Phill0046,509,1.84%,274xx,NC,< 1 year,0
6000,6/27/2007,singleteach,485,15.23%,805xx,CO,7 years,0
1000,6/27/2007,billkach,483,7.20%,088xx,NJ,< 1 year,0
1000,6/28/2007,orangeslices,449,16.26%,440xx,OH,< 1 year,0
20000,6/28/2007,I would be using this loan to pay off high interest credit cards and medical bills.,631,17.79%,847xx,UT,3 years,0
5000,6/28/2007,shameless,593,24.20%,530xx,WI,10+ years,0
2500,6/28/2007,roselyn26,545,15.18%,967xx,HI,1 year,0
3000,6/28/2007,Melodyrcr,639,56.27%,708xx,LA,2 years,0
20000,6/29/2007,CallianaThomas,646,25.80%,100xx,NY,< 1 year,0
3000,6/29/2007,samurai,726,20400%,089xx,NJ,< 1 year,0
1000,6/29/2007,dswilliams17,0,0%,794xx,TX,< 1 year,0
1500,6/29/2007,undonefilms,543,14.35%,030xx,NH,5 years,0
3500,6/29/2007,momtojr,661,242.83%,281xx,NC,10+ years,0
5000,6/29/2007,ikrsone12,503,3.74%,071xx,NJ,< 1 year,0
25000,6/29/2007,so1oonnet,727,6.69%,210xx,MD,< 1 year,0
1200,6/30/2007,twinsno1,586,3.63%,100xx,NY,< 1 year,0
3500,6/30/2007,resanchez,525,0%,800xx,CO,< 1 year,0
1000,6/30/2007,bigtrav2207,432,414.40%,640xx,MO,< 1 year,0
20000,6/30/2007,ms,563,33.04%,118xx,NY,5 years,0
4500,6/30/2007,Miss Stephanie,535,21.03%,104xx,NY,< 1 year,0
10000,6/30/2007,Esp-sonia,575,0%,331xx,FL,4 years,0
8000,6/30/2007,Fresh start,504,36.68%,487xx,MI,6 years,0
1500,6/30/2007,cocovanilla,491,2.54%,801xx,CO,< 1 year,0
1500,6/30/2007,suprstrmandie,0,14.40%,662xx,KS,2 years,0
2500,6/30/2007,Veganshero,456,88.40%,088xx,NJ,3 years,0
2500,6/30/2007,meghanneedsyou,544,0%,232xx,VA,< 1 year,0
15000,6/30/2007,malcolmp,592,2.37%,100xx,NY,< 1 year,0
5000,7/1/2007,JBurt0n6,507,63.50%,775xx,TX,3 years,0
3000,7/1/2007,Backon Track,522,11.96%,132xx,NY,3 years,0
2500,7/1/2007,jenjenfrench,609,12.50%,775xx,TX,< 1 year,0
25000,7/1/2007,realestate1,666,28.19%,080xx,NJ,10+ years,0
5500,7/1/2007,rdleathers1386,597,0%,303xx,GA,< 1 year,0
10000,7/1/2007,thenewlight,482,73.87%,021xx,MA,< 1 year,0
1500,7/1/2007,aquinas02,594,0%,641xx,MO,< 1 year,0
22000,7/1/2007,john123,595,17.11%,112xx,NY,1 year,0
1000,7/1/2007,My credit card is charging me 14%,720,27.21%,641xx,MO,4 years,0
20000,7/1/2007,coldspring2000,724,19.49%,410xx,KY,3 years,0
4000,7/1/2007,datboyfine,502,6.56%,191xx,PA,1 year,0
1000,7/1/2007,sardonix,676,32.80%,462xx,IN,2 years,0
1100,7/1/2007,PositiveBlack,504,6.78%,327xx,FL,< 1 year,0
25000,7/1/2007,Saxwoman2,562,15.36%,331xx,FL,< 1 year,0
8000,7/2/2007,"I intend to use this loan to pay off a credit card and most of my overdraft protection, while reducing my monthly payments (if I get my target rate).",727,47.63%,146xx,NY,4 years,0
6000,7/2/2007,lisat041475,499,18.91%,190xx,PA,9 years,0
5000,7/2/2007,sydneyausguy,632,13.43%,926xx,CT,< 1 year,0
15000,7/2/2007,ttallent,621,40.73%,379xx,TN,1 year,0
25000,7/2/2007,lil_wagner,546,34.42%,640xx,MO,< 1 year,0
3500,7/2/2007,softwarez,644,48.68%,333xx,FL,2 years,0
3000,7/2/2007,salman_khan,600,2.18%,114xx,NY,1 year,0
5000,7/2/2007,kcgyrl79,539,0%,997xx,AK,< 1 year,0
10500,7/2/2007,CrimsonApache,467,6.95%,366xx,AL,< 1 year,0
11000,7/2/2007,dseuphoria,453,6%,088xx,NJ,< 1 year,0
1000,7/2/2007,Jrb04k,561,8.17%,323xx,FL,1 year,0
8000,7/3/2007,PhD Student,500,38.40%,803xx,CO,5 years,0
13000,7/3/2007,Tmilhon,595,19.95%,322xx,FL,< 1 year,0
15000,7/3/2007,Taylor20620,519,0%,326xx,FL,1 year,0
8000,7/3/2007,skeevysteve,650,4.89%,021xx,MA,< 1 year,0
4500,7/3/2007,gmonaco21,564,14.47%,015xx,MA,< 1 year,0
21000,7/3/2007,cleancredit,641,18.43%,760xx,TX,< 1 year,0
15000,7/3/2007,angeltorres,492,28.95%,322xx,FL,2 years,0
5000,7/3/2007,mgillispie,424,5.36%,714xx,LA,< 1 year,0
20000,7/3/2007,Help Me Pay Debt and Live Life again!!!,647,25.32%,554xx,MN,1 year,0
500,7/4/2007,dm210,567,28.96%,207xx,MD,< 1 year,0
4000,7/4/2007,kktally,473,4.13%,300xx,GA,1 year,0
15000,7/4/2007,Bud84clt,598,12.46%,245xx,VA,7 years,0
1000,7/4/2007,burdahgirl,607,36.42%,303xx,GA,< 1 year,0
5000,7/4/2007,sonyshox23,492,9.19%,802xx,CO,3 years,0
925,7/4/2007,sdawn07,0,13.20%,802xx,CO,< 1 year,0
25000,7/4/2007,finny311,667,45.60%,100xx,NY,1 year,0
7500,7/4/2007,CSM72,430,16.19%,441xx,OH,4 years,0
2000,7/4/2007,garyhanna,546,23.23%,191xx,PA,3 years,0
5000,7/4/2007,PopStarChic,507,23.52%,480xx,MS,< 1 year,0
1000,7/4/2007,makewild13,469,1.32%,778xx,TX,1 year,0
10500,7/4/2007,farrowm,612,32.61%,138xx,NY,1 year,0
4000,7/5/2007,Mac101,567,35.49%,200xx,DC,< 1 year,0
4500,7/5/2007,Mikri,554,4.72%,142xx,NY,5 years,0
2500,7/5/2007,ypastor,549,37.58%,437xx,OH,4 years,0
8000,7/5/2007,Meems,561,6.07%,200xx,DC,< 1 year,0
2500,7/5/2007,missreese,566,19.40%,383xx,TN,10+ years,0
5000,7/5/2007,newdeal80,592,16.33%,681xx,NE,5 years,0
4000,7/5/2007,mrhe,578,0%,021xx,MA,2 years,0
2000,7/5/2007,weazley,656,12%,980xx,WA,2 years,0
1500,7/6/2007,challenger73,669,23.20%,473xx,IN,10+ years,0
500,7/6/2007,hotelie2011,635,1.86%,022xx,MA,< 1 year,0
1000,7/6/2007,mrscott01,535,25.50%,328xx,FL,< 1 year,0
1000,7/6/2007,felise32,418,0%,641xx,MO,< 1 year,0
9825,7/6/2007,acordars,576,14.28%,926xx,CA,2 years,0
1000,7/6/2007,phlsphrwrt,526,0%,531xx,WI,1 year,0
5000,7/6/2007,jabruzzese,570,21.06%,930xx,CA,6 years,0
8000,7/6/2007,Pomegranate,609,27%,402xx,KY,< 1 year,0
1000,7/7/2007,svbennett20,618,266.67%,357xx,AL,< 1 year,0
1000,7/7/2007,jennbuggisbroke,0,0.34%,304xx,GA,< 1 year,0
25000,7/7/2007,Antgrant27,494,13.92%,088xx,NJ,1 year,0
15000,7/7/2007,dwelters,473,8.25%,326xx,FL,7 years,0
3000,7/7/2007,jake2089,698,35.79%,080xx,NJ,< 1 year,0
2500,7/7/2007,tony1976,574,21.17%,300xx,GA,< 1 year,0
2500,7/7/2007,jamal69,493,23.88%,354xx,AL,< 1 year,0
1000,7/7/2007,BgBoye,454,1.98%,190xx,PA,< 1 year,0
2000,7/7/2007,Krys1019,588,0%,076xx,NJ,< 1 year,0
1000,7/7/2007,stush1021,525,0.89%,117xx,NY,< 1 year,0
2500,7/7/2007,kg05,0,0%,330xx,FL,< 1 year,0
25000,7/7/2007,jmott428,541,1.92%,156xx,PA,1 year,0
8300,7/7/2007,JudithAnn7244,592,24.95%,660xx,KS,7 years,0
500,7/7/2007,kimmy4lsu,469,16.37%,708xx,LA,< 1 year,0
1000,7/7/2007,Summer Semester Help,553,8.27%,981xx,WA,< 1 year,0
2000,7/8/2007,naomicastillo,504,0%,606xx,IN,1 year,0
10000,7/8/2007,carlos_sarmiento,493,14.12%,331xx,FL,10+ years,0
3500,7/8/2007,ladybuggs,492,4.54%,750xx,TX,1 year,0
5000,7/8/2007,caseyj25,512,21.68%,806xx,CO,4 years,0
6000,7/8/2007,youngbizman,606,9.94%,374xx,TN,< 1 year,0
3000,7/8/2007,mom2gjs,565,3.25%,664xx,KS,< 1 year,0
12000,7/8/2007,Robzilla,620,2.04%,276xx,NC,3 years,0
16000,7/8/2007,iluvjesus,440,2.48%,301xx,GA,2 years,0
5000,7/8/2007,andrea1125,454,6.38%,339xx,FL,1 year,0
5000,7/8/2007,treyduffy,483,8.04%,537xx,WI,< 1 year,0
10000,7/9/2007,renornotty,477,0%,551xx,MN,< 1 year,0
6000,7/9/2007,jchristmn,637,23.43%,681xx,NE,1 year,0
5000,7/9/2007,frenchy,496,44.17%,326xx,FL,< 1 year,0
5000,7/9/2007,devon_craig,527,12.62%,227xx,VA,1 year,0
12000,7/9/2007,fbg,429,245.63%,708xx,LA,3 years,0
20000,7/9/2007,studiob,570,38.06%,762xx,TX,3 years,0
1000,7/9/2007,Blckdhliagrl,703,0%,727xx,AR,< 1 year,0
20000,7/10/2007,skiman40,553,7.12%,730xx,OK,10+ years,0
10000,7/10/2007,Richard0716,603,43.26%,331xx,FL,4 years,0
2500,7/10/2007,voteforeric,599,0%,841xx,UT,1 year,0
3000,7/10/2007,Mr.Mesofly,547,1.97%,112xx,NY,< 1 year,0
1000,7/10/2007,big_nour,487,16.32%,554xx,MN,1 year,0
1000,7/10/2007,bluewarrior07,523,7.17%,282xx,NC,2 years,0
3000,7/10/2007,strivingforward,0,0%,325xx,FL,< 1 year,0
10000,7/10/2007,bigredone,480,12.17%,439xx,OH,10+ years,0
3000,7/10/2007,kymberly,510,23.96%,054xx,VT,2 years,0
3000,7/10/2007,welderman,0,0%,415xx,KY,1 year,0
1000,7/10/2007,Twofast4u12,567,9.69%,541xx,WI,1 year,0
4500,7/10/2007,KevinT,482,82.38%,282xx,NC,< 1 year,0
3500,7/11/2007,csh0430,533,0%,301xx,GA,10+ years,0
2500,7/11/2007,rootsrundeep,541,0.30%,474xx,IN,< 1 year,0
1000,7/11/2007,CBear,600,14.16%,740xx,OK,< 1 year,0
5000,7/11/2007,aebennett,530,5.20%,741xx,OK,2 years,0
4500,7/11/2007,dvermulm,623,8.02%,681xx,NE,< 1 year,0
2500,7/11/2007,JEW0831,465,0.62%,284xx,NC,< 1 year,0
8000,7/11/2007,Keyoung,543,6.36%,215xx,MD,7 years,0
6000,7/11/2007,km36,524,31.63%,463xx,IN,< 1 year,0
5000,7/12/2007,patval,549,21.49%,451xx,OH,1 year,0
15000,7/12/2007,Consolidating,639,15.76%,958xx,CA,10+ years,0
1000,7/12/2007,MiMi77,435,10.03%,346xx,FL,1 year,0
8000,7/12/2007,Alex R,610,11.47%,100xx,NY,1 year,0
5000,7/12/2007,Erynnesmom,455,28.14%,775xx,TX,8 years,0
5000,7/12/2007,Jesseandshanon,451,32.81%,775xx,TX,10+ years,0
10000,7/12/2007,Wendigo,472,33.05%,537xx,WI,< 1 year,0
20000,7/12/2007,amaury73,646,8.92%,331xx,FL,2 years,0
15000,7/12/2007,stacyby,519,13.76%,100xx,NY,3 years,0
2000,7/12/2007,max1991,451,6.89%,054xx,VT,8 years,0
7000,7/12/2007,dulcinea2007,471,16.22%,330xx,FL,< 1 year,0
4500,7/13/2007,theteeshirtlady,475,2.95%,270xx,NC,1 year,0
5000,7/13/2007,markf78,644,11.77%,226xx,VA,< 1 year,0
14000,7/13/2007,TopVetTech,607,0%,168xx,PA,7 years,0
25000,7/13/2007,insurance needs capital to relocate /pur,697,15.17%,134xx,NY,7 years,0
2300,7/13/2007,chrissy,448,6.24%,481xx,MI,9 years,0
1500,7/13/2007,avalancheroy33,455,9.57%,479xx,IN,< 1 year,0
5500,7/13/2007,akademiks,0,1.34%,072xx,NJ,< 1 year,0
2000,7/14/2007,jb1552,625,18.86%,730xx,OK,4 years,0
3500,7/14/2007,daniel09,0,0.60%,322xx,FL,< 1 year,0
8000,7/14/2007,jcouch,601,10.01%,473xx,IN,3 years,0
1000,7/14/2007,butcherboy220,609,20.19%,334xx,FL,10+ years,0
2000,7/14/2007,ecs11,592,13%,131xx,NY,2 years,0
1500,7/14/2007,Crystopher,493,0%,325xx,FL,< 1 year,0
12000,7/14/2007,coppert,556,4.43%,114xx,NY,10+ years,0
4500,7/14/2007,medicalgirl1981,604,6%,212xx,MD,1 year,0
500,7/14/2007,joycespowell76,556,1.92%,275xx,NC,1 year,0
15000,7/15/2007,cindercell914,526,10.57%,301xx,GA,< 1 year,0
3000,7/15/2007,AskMatt,651,28.42%,980xx,WA,< 1 year,0
3000,7/15/2007,EduYankee,588,24.65%,301xx,GA,< 1 year,0
3000,7/16/2007,southfloridian,550,0%,331xx,FL,1 year,0
6000,7/16/2007,Coffeelovr5,428,11.49%,441xx,OH,< 1 year,0
5000,7/16/2007,LAO0911,496,18.33%,631xx,MO,< 1 year,0
8000,7/16/2007,wncgirl,623,29.57%,287xx,NC,8 years,0
15000,7/16/2007,Etrader77,637,4.14%,434xx,OH,3 years,0
15000,7/16/2007,KeeperEF,640,30.52%,300xx,GA,2 years,0
5000,7/17/2007,AngelMeagan,473,31.45%,685xx,NE,< 1 year,0
3000,7/17/2007,morgansuzi,417,13.47%,282xx,NC,1 year,0
2000,7/17/2007,Consolidate credit cards,593,54.35%,681xx,NE,< 1 year,0
5000,7/17/2007,whitpop85,455,17.44%,477xx,IN,3 years,0
25000,7/17/2007,cbowman,0,0%,402xx,KY,1 year,0
12000,7/17/2007,joshj0829,554,18.65%,193xx,PA,4 years,0
2000,7/18/2007,$~KING~$,511,29.13%,333xx,FL,< 1 year,0
7000,7/18/2007,streetforce1,482,0%,100xx,NY,< 1 year,0
3000,7/18/2007,Cute N Cuddly Couple Need Moving Help,570,18.75%,840xx,UT,< 1 year,0
4750,7/18/2007,Want to attend college,618,5%,024xx,MA,< 1 year,0
6000,7/18/2007,Expanding21,545,0%,112xx,NY,4 years,0
2000,7/18/2007,Cushie,536,10.63%,986xx,WA,1 year,0
4000,7/18/2007,HELP!!,420,5.98%,606xx,IN,< 1 year,0
2000,7/18/2007,"I'm working on building up my credit and looking to pay a few credit cards off. These interest rates are high, and I'm basically throwing away money every month on monthly fees, membership fees, annual fees, and high interest. Would love to just consolidate, get them paid off once and for all and close the accounts",647,19.98%,440xx,OH,1 year,0
600,7/18/2007,Karen Mae,562,2.66%,016xx,MA,1 year,0
1000,7/18/2007,sachinpatel17,589,4.55%,334xx,FL,1 year,0
6000,7/18/2007,Family Funtime - Used Jetboat Purchase,625,7.38%,275xx,NC,10+ years,0
7500,7/18/2007,Nick67,582,8.60%,554xx,MN,< 1 year,0
15000,7/18/2007,tSchulz,577,0.33%,327xx,FL,2 years,0
3500,7/19/2007,Honeymoon Expense,595,0.57%,300xx,GA,1 year,0
1500,7/19/2007,telcor,615,12.65%,770xx,TX,1 year,0
13000,7/19/2007,jenny88,650,14.56%,981xx,WA,10+ years,0
25000,7/19/2007,ksstormhunter,555,24.94%,997xx,AK,10+ years,0
4500,7/19/2007,debbie812,631,10.75%,113xx,NY,10+ years,0
15000,7/19/2007,juannunes,591,14.81%,333xx,FL,2 years,0
1400,7/19/2007,tallchick25,536,0.67%,328xx,FL,1 year,0
1500,7/19/2007,Donlo,529,2.91%,530xx,WI,< 1 year,0
2000,7/20/2007,rgbrock1,478,4.41%,064xx,CT,3 years,0
1700,7/20/2007,caspian915,455,17.67%,112xx,NY,< 1 year,0
2000,7/20/2007,jawbreaker,646,7.25%,748xx,OK,10+ years,0
6000,7/20/2007,melonee80,546,15.66%,227xx,VA,3 years,0
20000,7/20/2007,keishab912,452,25.46%,315xx,GA,3 years,0
7500,7/20/2007,helpourdaughter,623,1.65%,028xx,RI,5 years,0
10000,7/20/2007,lidarkeyes32,614,23.19%,549xx,WI,< 1 year,0
7275,7/21/2007,Lost with a soul.... ,457,2.15%,212xx,MD,3 years,0
7500,7/21/2007,2Be_Pennywise,400,8.16%,212xx,MD,3 years,0
500,7/21/2007,RBinAK,526,21.03%,995xx,AK,< 1 year,0
7500,7/21/2007,mickisue,546,15.41%,551xx,MN,1 year,0
10000,7/21/2007,joshaccardo,592,12.75%,100xx,NY,1 year,0
7000,7/22/2007,eeyore28,0,0%,117xx,NY,1 year,0
3000,7/22/2007,Iteachkids,594,12.86%,201xx,VA,6 years,0
5000,7/22/2007,msmkharmon,518,21.65%,191xx,PA,3 years,0
5000,7/22/2007,jaysun,632,32.96%,206xx,MD,< 1 year,0
10000,7/22/2007,texasrocks,662,29.73%,761xx,TX,1 year,0
500,7/22/2007,Help Please,535,1.10%,088xx,NJ,1 year,0
25000,7/22/2007,BuckTruck,430,11.95%,320xx,FL,1 year,0
2500,7/22/2007,adevens,506,14.53%,532xx,WI,2 years,0
10000,7/23/2007,tejada00,635,14.25%,100xx,NY,2 years,0
1000,7/23/2007,Animaluva,660,85%,334xx,FL,6 years,0
2500,7/23/2007,wolfbabeusa71,0,0%,462xx,IN,< 1 year,0
2000,7/23/2007,NCcarebear,488,14.01%,283xx,NC,2 years,0
25000,7/23/2007,livewealthy,688,22.90%,021xx,MA,1 year,0
17000,7/23/2007,mimi1011,635,74.86%,282xx,NC,1 year,0
600,7/23/2007,bward07,618,14.40%,199xx,DE,< 1 year,0
13500,7/23/2007,teacher1,668,25.25%,233xx,VA,10+ years,0
7500,7/23/2007,Sm-biz owner seeks loan,,100%,891xx,NV,3 years,0
10000,7/23/2007,danomar200,689,47.56%,330xx,FL,2 years,0
25000,7/24/2007,tgrphillips,527,0%,534xx,WI,2 years,0
10000,7/24/2007,candela,711,34.37%,331xx,FL,1 year,0
3500,7/24/2007,flutterjenn,518,0%,282xx,NC,< 1 year,0
1300,7/24/2007,"Recently, I took my automobile to the dealership for a routine check-up.  I ended-up paying nearly $1700 to cover all the work that needed to be done.  Since I am fresh out of college, this is probably one of the worse thing that could have happened right now. This loan will allow me to cover all my basis so that I can pay my other expenses while trying to fill the hole that my car trouble have maid in my pocket.  Your help would be greatly appreciated.",632,11.39%,303xx,GA,1 year,0
7000,7/24/2007,ejohnson39154,680,9%,391xx,MS,10+ years,0
20000,7/24/2007,Sasha,591,30.67%,479xx,IN,3 years,0
3500,7/24/2007,vernsan,663,63.75%,760xx,TX,1 year,0
6000,7/25/2007,maria,654,57.66%,333xx,FL,1 year,0
5000,7/25/2007,maciel,601,56.40%,333xx,FL,< 1 year,0
2000,7/25/2007,paying debt,622,11.60%,077xx,NJ,< 1 year,0
1500,7/25/2007,cjustice,507,31.61%,755xx,TX,5 years,0
3500,7/25/2007,tranpir29,460,13.21%,082xx,NJ,7 years,0
6000,7/25/2007,LacyG,484,569.27%,200xx,DC,10+ years,0
3300,7/25/2007,lacydiva,437,1.57%,071xx,NJ,1 year,0
1000,7/25/2007,balik9201,600,5.12%,151xx,PA,< 1 year,0
3000,7/25/2007,tjhummel7,505,28.40%,544xx,WI,< 1 year,0
7000,7/25/2007,I am looking to consolidate high interest rate credit cards into one monthly payment and a set payoff schedule.  This will save me interest and money monthly.,591,17.29%,681xx,NE,6 years,0
10000,7/25/2007,dtslagle,517,17.34%,465xx,IN,< 1 year,0
3000,7/25/2007,FTL_Torgo,433,6.09%,342xx,FL,2 years,0
1200,7/25/2007,college210,544,19.95%,282xx,NC,< 1 year,0
4100,7/26/2007,urban513,509,3.23%,088xx,NJ,2 years,0
10000,7/26/2007,ajax6677,568,4.44%,547xx,WI,3 years,0
2500,7/26/2007,Omahajohn07,632,18.62%,681xx,NE,1 year,0
10000,7/26/2007,PC,535,0%,910xx,CO,2 years,0
12000,7/27/2007,bmxdmx,0,0%,112xx,NY,6 years,0
3000,7/27/2007,Joe,,16.63%,336xx,FL,2 years,0
5000,7/27/2007,zoebee7001,514,43.44%,010xx,MA,1 year,0
7500,7/27/2007,searching101,554,28.45%,541xx,WI,4 years,0
25000,7/27/2007,rwestmore7,577,17.92%,707xx,LA,2 years,0
1775,7/27/2007,m0e74,547,9.95%,020xx,MA,4 years,0
12000,7/27/2007,mwichmann4,690,9.63%,532xx,WI,< 1 year,0
5000,7/27/2007,MatthewEdwards,705,4.20%,750xx,TX,< 1 year,0
1000,7/27/2007,Sean C.,535,2%,983xx,WA,< 1 year,0
10000,7/28/2007,ErikaAndrea,626,26.87%,276xx,NC,1 year,0
3500,7/28/2007,EricaS,621,92.84%,756xx,TX,< 1 year,0
3500,7/29/2007,ked55,571,5.33%,782xx,TX,9 years,0
5000,7/29/2007,NEED TO pay off LOANS,563,10.82%,921xx,CA,1 year,0
6000,7/29/2007,The purpose of this loan is to take care of my existing tuition balance. Without it I will not be able to register for the upcoming semester of classes. I would need the loan as soon as possible as the school year will be starting in a matter of weeks. It would be a great help. Thank you. ,550,3.29%,065xx,CT,< 1 year,0
6000,7/30/2007,panglin,425,0.48%,297xx,SC,10+ years,0
5000,7/30/2007,dixieboy,466,0%,786xx,TX,< 1 year,0
4000,7/30/2007,kkospender,462,0%,285xx,NC,< 1 year,0
1500,7/30/2007,wmitchell,576,3.98%,711xx,LA,1 year,0
8000,7/30/2007,lafortune96,487,31.87%,180xx,PA,2 years,0
1550,7/30/2007,qunciy_gurl,478,7.93%,323xx,FL,< 1 year,0
7000,7/30/2007,Cleaning up credit and paying off taxes,484,13.25%,537xx,WI,< 1 year,0
5000,7/31/2007,jamphat,628,3.90%,201xx,VA,< 1 year,0
25000,7/31/2007,Great Business Loan,636,65.80%,486xx,MI,1 year,0
5000,7/31/2007,idefygravity81,466,1.75%,802xx,CO,3 years,0
4800,7/31/2007,joecalifornia2002,469,15.93%,950xx,CA,1 year,0
1000,7/31/2007,V-sizzle,680,68%,210xx,MD,6 years,0
9500,7/31/2007,lonesophist,548,0%,775xx,TX,2 years,0
500,7/31/2007,dabigticket31,0,0%,374xx,TN,< 1 year,0
15000,7/31/2007,aceguy,582,2.31%,956xx,MN,< 1 year,0
500,7/31/2007,Trojanman7667,530,0%,122xx,NY,1 year,0
2500,7/31/2007,TXAngel1983,561,23.50%,778xx,TX,< 1 year,0
25000,7/31/2007,Shy256,0,0%,357xx,AL,2 years,0
500,7/31/2007,Ldurfee,492,20.16%,257xx,WV,< 1 year,0
2200,7/31/2007,talktobrent,703,27.60%,551xx,MN,2 years,0
3750,7/31/2007,jaredonline,595,3.36%,857xx,AZ,1 year,0
3500,8/1/2007,JMSpike1875,563,7.53%,801xx,CO,1 year,0
1200,8/1/2007,skcah,557,1.71%,296xx,SC,< 1 year,0
4925,8/1/2007,javatoast,532,1.71%,276xx,NC,1 year,0
2000,8/1/2007,energiemedia,513,6.21%,070xx,NJ,< 1 year,0
2000,8/1/2007,silverferretcu,644,22.17%,070xx,NJ,< 1 year,0
1000,8/1/2007,ryotrellim,636,28.56%,875xx,NM,< 1 year,0
1500,8/1/2007,normlessness,674,32.35%,316xx,GA,< 1 year,0
500,8/1/2007,kodered1984,604,45.08%,321xx,FL,1 year,0
2000,8/1/2007,brokenspoke,440,9.08%,417xx,KY,< 1 year,0
12500,8/2/2007,Bubbasc12,543,26.84%,295xx,SC,6 years,0
15000,8/2/2007,home improvement and security funds,581,0%,333xx,FL,9 years,0
15000,8/2/2007,MattBK,727,32.34%,112xx,NY,1 year,0
25000,8/2/2007,Ken4Christ4ever,702,20.62%,852xx,AZ,< 1 year,0
5000,8/2/2007,Broken Heater/Air Conditioning Units,634,22.51%,951xx,CA,< 1 year,0
14000,8/2/2007,ebrelsford,623,13.48%,065xx,CT,1 year,0
1600,8/2/2007,smochan,427,15.74%,150xx,OH,1 year,0
1000,8/2/2007,JFreeden,495,0%,079xx,NJ,5 years,0
10000,8/2/2007,alexnotov,512,0.88%,112xx,NY,1 year,0
15000,8/3/2007,NicB,639,36.53%,852xx,AZ,< 1 year,0
22000,8/3/2007,searching4u,658,41.86%,068xx,CT,10+ years,0
8000,8/3/2007,darussian12,480,618.70%,786xx,TX,< 1 year,0
2000,8/4/2007,Vjo06,466,17.40%,109xx,NY,< 1 year,0
16000,8/4/2007,lendborrowbhappy,667,37.11%,068xx,CT,8 years,0
5000,8/4/2007,jrw023,476,17.28%,100xx,NY,< 1 year,0
5000,8/4/2007,jrsnifty,493,16.58%,023xx,MA,< 1 year,0
800,8/4/2007,Keyboardman110,0,0%,634xx,MO,1 year,0
500,8/4/2007,Daisan,570,0%,234xx,VA,10+ years,0
20000,8/4/2007,Foxylady,664,8.55%,333xx,FL,1 year,0
10000,8/4/2007,woodcs82,488,24.96%,341xx,FL,< 1 year,0
25000,8/4/2007,janeco,712,84.90%,800xx,CO,10+ years,0
15000,8/5/2007,gopats910,656,45.70%,123xx,NY,3 years,0
1000,8/5/2007,hi i am looking to close,539,7.54%,020xx,MA,4 years,0
25000,8/5/2007,sturzstrom,558,19.32%,207xx,MD,2 years,0
25000,8/5/2007,cranejames,599,16.27%,021xx,MA,7 years,0
2500,8/5/2007,cory2345,624,22.80%,330xx,FL,2 years,0
10000,8/6/2007,justinjscar,569,14.28%,432xx,OH,2 years,0
20000,8/6/2007,creamergc,464,16.78%,439xx,OH,10+ years,0
5500,8/6/2007,imnxdrunk,497,4.05%,070xx,NJ,10+ years,0
1500,8/6/2007,rossdurham,570,18.08%,282xx,NC,< 1 year,0
6000,8/7/2007,PJUDC,648,30.45%,200xx,DC,< 1 year,0
15000,8/7/2007,kari,483,32.50%,312xx,GA,< 1 year,0
15000,8/7/2007,anumoses,525,29.32%,605xx,IL,4 years,0
7000,8/7/2007,anonymous1303,559,5.31%,775xx,TX,1 year,0
1500,8/7/2007,MiMi,520,39.12%,300xx,GA,< 1 year,0
10000,8/7/2007,hnburrell,554,36.71%,119xx,NY,3 years,0
2500,8/7/2007,alienblue2006,0,0%,347xx,FL,< 1 year,0
5000,8/7/2007,ppchildcare,0,0%,119xx,NY,3 years,0
7500,8/8/2007,ecoinsales,529,11.87%,530xx,WI,< 1 year,0
2000,8/8/2007,dasha,577,3.59%,365xx,AL,< 1 year,0
5000,8/8/2007,Dewey,623,51.16%,554xx,MN,10+ years,0
2000,8/8/2007,wade44,533,13.83%,234xx,VA,6 years,0
2500,8/8/2007,Seveneleven13,573,15.90%,130xx,NY,2 years,0
2000,8/8/2007,jgiroux235,565,0.87%,850xx,AZ,1 year,0
9000,8/9/2007,walte123,431,0%,232xx,VA,1 year,0
20000,8/9/2007,swoop70,476,2.23%,178xx,OH,9 years,0
1000,8/9/2007,prkerbny,525,33.86%,197xx,DE,8 years,0
1000,8/9/2007,LanzAustin,627,19.28%,786xx,TX,10+ years,0
12000,8/9/2007,Razorbacks36,570,0%,431xx,OH,< 1 year,0
2000,8/9/2007,KH,556,5.85%,554xx,MN,10+ years,0
1500,8/9/2007,oneals,0,0%,350xx,AL,3 years,0
5000,8/9/2007,videoscan23,634,26.36%,337xx,FL,2 years,0
1550,8/10/2007,Prosper loan,570,6.32%,877xx,NM,2 years,0
7000,8/10/2007,phreakelove,493,7.89%,740xx,OK,2 years,0
5000,8/10/2007,Marvin12,591,6.16%,303xx,GA,1 year,0
1000,8/10/2007,yorkhugo,589,0%,372xx,TN,3 years,0
17000,8/10/2007,pghmatt,616,15.84%,150xx,PA,2 years,0
1000,8/11/2007,deathstr117,427,4.76%,532xx,WI,3 years,0
20000,8/11/2007,jeffratt,622,11.16%,115xx,NY,4 years,0
8000,8/11/2007,MRLN,441,10.39%,069xx,CT,< 1 year,0
7000,8/11/2007,mariale09,582,7.68%,333xx,FL,2 years,0
7000,8/11/2007,Machado,609,0.55%,333xx,FL,2 years,0
10000,8/11/2007,MTM21o83,500,146.40%,782xx,TX,< 1 year,0
1000,8/11/2007,Need Helping Hand,614,3.16%,024xx,MA,1 year,0
20000,8/12/2007,JMG3313,449,13.94%,606xx,IN,2 years,0
5000,8/12/2007,papamac,544,5.40%,339xx,FL,9 years,0
1000,8/12/2007,Songshand,650,4.56%,850xx,AZ,< 1 year,0
23000,8/12/2007,tdb44,658,59.25%,553xx,MN,5 years,0
1500,8/12/2007,k-alex-52,511,0.41%,681xx,NE,3 years,0
10000,8/12/2007,bblboy54,596,7.71%,226xx,VA,2 years,0
5000,8/12/2007,eggfinder,595,5.49%,474xx,IN,3 years,0
1000,8/12/2007,burningbend,582,9999%,236xx,VA,< 1 year,0
3000,8/12/2007,Paying off credit cards/merging consumer,608,15.03%,462xx,IN,1 year,0
8500,8/12/2007,xellz,420,260.28%,712xx,LA,8 years,0
5500,8/12/2007,urbanphoenyx,600,17.97%,100xx,NY,1 year,0
2000,8/13/2007,Entoaggie09,634,0%,778xx,TX,1 year,0
25000,8/13/2007,jim0120,592,19.16%,342xx,FL,4 years,0
3000,8/13/2007,tbrackett,466,36.83%,352xx,AL,3 years,0
10000,8/13/2007,jake,631,25.48%,401xx,KY,6 years,0
10000,8/13/2007,ajstewart19,611,25.15%,301xx,GA,1 year,0
20000,8/13/2007,delosomedia,586,10.50%,275xx,NC,< 1 year,0
20000,8/13/2007,Mardayna,634,9.51%,986xx,WA,1 year,0
5000,8/13/2007,tsmithee2003,661,30.96%,726xx,AR,1 year,0
1500,8/13/2007,Tluu,658,100%,787xx,TX,< 1 year,0
4000,8/13/2007,nemequittepas,511,14.87%,292xx,SC,4 years,0
5000,8/14/2007,footballfan61,477,22.62%,638xx,MO,10+ years,0
